1,Fatima Mercedes,Aguilar Aguirre,51518052-1,1985-02-14,1,8
2,Fatima Mercedes,Aguilar Aguirre,81508438-2,1955-12-11,1,11
3,Fatima Mercedes,Aguilar Aguirre,59376176-2,1974-11-30,1,8
4,Fatima Mercedes,Aguilar Aguirre,12935256-3,1957-02-07,1,3
5,Fatima Mercedes,Aguilar Aguirre,34550938-6,1963-08-09,1,8
6,Fatima Mercedes,Aguilar Aguirre,80648190-3,1990-12-27,1,1
7,Fatima Mercedes,Aguilar Aguirre,91381140-1,2000-09-01,1,3
8,Fatima Mercedes,Aguilar Aguirre,22479089-1,1992-04-24,1,10
9,Fatima Mercedes,Aguilar Aguirre,21390759-5,1967-11-07,1,10
10,Fatima Mercedes,Aguilar Aguirre,12975997-6,1979-07-30,1,11
11,Fatima Mercedes,Aguilar Aguirre,94720465-9,1984-11-07,1,9
12,Fatima Mercedes,Aguilar Aguirre,37838284-3,1978-10-28,1,1
13,Fatima Mercedes,Aguilar Aguirre,80283780-7,1999-03-23,1,1
14,Fatima Mercedes,Aguilar Aguirre,42207272-8,1979-10-15,1,7
15,Fatima Mercedes,Aguilar Aguirre,65920578-6,1997-05-07,1,10
16,Fatima Mercedes,Aguilar Aguirre,36943485-9,1971-05-13,1,8
17,Fatima Mercedes,Aguilar Aguirre,76656489-8,1972-01-06,1,7
18,Fatima Mercedes,Aguilar Aguirre,10421182-5,1984-11-10,1,9
19,Fatima Mercedes,Aguilar Aguirre,19685826-7,1969-07-09,1,6
20,Fatima Mercedes,Aguilar Aguirre,28490414-3,1952-02-23,1,10
21,Fatima Mercedes,Aguilar Aguirre,82254215-5,1967-12-17,1,9
22,Fatima Mercedes,Aguilar Aguirre,95101300-9,1998-11-25,1,7
23,Fatima Mercedes,Aguilar Aguirre,21736219-3,1953-04-06,1,6
24,Fatima Mercedes,Aguilar Aguirre,74199045-3,1973-10-29,1,7
25,Fatima Mercedes,Aguilar Aguirre,66891865-5,1989-08-10,1,5
26,Fatima Mercedes,Aguilar Aguirre,13989726-9,1948-01-21,1,8
27,Fatima Mercedes,Aguilar Aguirre,19350428-2,1975-02-08,1,12
28,Fatima Mercedes,Aguilar Aguirre,25948589-5,1984-04-17,1,6
29,Fatima Mercedes,Aguilar Aguirre,53529793-3,1945-01-16,1,2
30,Fatima Mercedes,Aguilar Aguirre,47469346-7,1962-09-16,1,1
31,Fatima Mercedes,Aguilar Aguirre,37465858-9,1943-06-12,1,8
32,Fatima Mercedes,Aguilar Aguirre,63402445-7,1965-04-23,1,4
33,Fatima Mercedes,Aguilar Aguirre,16332078-7,1998-07-06,1,7
34,Fatima Mercedes,Aguilar Aguirre,81322371-4,1966-01-21,1,11
35,Fatima Mercedes,Aguilar Aguirre,13640259-5,1978-01-30,1,5
36,Fatima Mercedes,Aguilar Aguirre,73971014-1,1977-05-05,1,9
37,Fatima Mercedes,Aguilar Aguirre,94248555-4,1951-04-14,1,12
38,Fatima Mercedes,Aguilar Aguirre,43754206-8,1948-09-13,1,8
39,Fatima Mercedes,Aguilar Aguirre,90743753-6,1992-06-04,1,8
40,Fatima Mercedes,Aguilar Aguirre,39427100-8,1988-04-18,1,2
41,Fatima Mercedes,Aguilar Aguirre,64649720-1,1943-05-05,1,11
42,Fatima Mercedes,Aguilar Aguirre,90506334-2,1988-05-03,1,7
43,Fatima Mercedes,Aguilar Aguirre,90570857-5,1988-07-09,1,11
44,Fatima Mercedes,Aguilar Aguirre,86064960-1,1982-01-15,1,3
45,Fatima Mercedes,Aguilar Aguirre,34952974-6,1984-05-27,1,11
46,Fatima Mercedes,Aguilar Aguirre,71892695-9,1990-02-11,1,6
47,Fatima Mercedes,Aguilar Aguirre,66025775-9,1945-07-23,1,1
48,Fatima Mercedes,Aguilar Aguirre,84712060-1,1943-05-24,1,8
49,Fatima Mercedes,Aguilar Aguirre,38977510-5,1999-03-01,1,7
50,Fatima Mercedes,Aguilar Aguirre,52107433-1,1977-01-21,1,1
51,Fatima Mercedes,Aguilar Aguirre,51262632-9,1948-12-18,1,3
52,Fatima Mercedes,Aguilar Aguirre,98453043-5,1981-12-22,1,5
53,Fatima Mercedes,Aguilar Aguirre,38104802-1,1982-11-05,1,9
54,Fatima Mercedes,Aguilar Aguirre,89902011-7,1968-10-05,1,4
55,Fatima Mercedes,Aguilar Aguirre,53794208-1,1964-06-21,1,4
56,Fatima Mercedes,Aguilar Aguirre,45128703-2,1956-04-17,1,8
57,Fatima Mercedes,Aguilar Aguirre,68379652-5,1943-09-25,1,3
58,Fatima Mercedes,Aguilar Aguirre,21099393-7,1960-01-05,1,11
59,Fatima Mercedes,Aguilar Aguirre,41005718-8,1977-01-12,1,3
60,Fatima Mercedes,Aguilar Aguirre,76981714-5,1954-05-17,1,12
61,Fatima Mercedes,Aguilar Aguirre,37818863-9,1960-07-08,1,2
62,Fatima Mercedes,Aguilar Aguirre,26988870-4,1950-11-07,1,9
63,Fatima Mercedes,Aguilar Aguirre,49228854-7,1968-12-30,1,7
64,Fatima Mercedes,Aguilar Aguirre,79564098-3,1956-01-17,1,2
65,Fatima Mercedes,Aguilar Aguirre,61273295-1,1941-02-25,1,9
66,Fatima Mercedes,Aguilar Aguirre,12319332-1,1974-07-22,1,5
67,Fatima Mercedes,Aguilar Aguirre,61622961-2,1946-10-17,1,11
68,Fatima Mercedes,Aguilar Aguirre,29394189-7,1968-04-26,1,9
69,Fatima Mercedes,Aguilar Aguirre,50059769-7,1967-02-08,1,9
70,Fatima Mercedes,Aguilar Aguirre,26087381-1,1998-02-04,1,11
71,Fatima Mercedes,Aguilar Aguirre,67876257-4,1950-03-12,1,3
72,Fatima Mercedes,Aguilar Aguirre,49804303-5,1973-02-15,1,5
73,Fatima Mercedes,Aguilar Aguirre,17362279-9,1958-05-07,1,1
74,Fatima Mercedes,Aguilar Aguirre,41810448-6,1960-07-24,1,7
75,Fatima Mercedes,Aguilar Aguirre,92058696-6,1940-12-19,1,1
76,Fatima Mercedes,Aguilar Aguirre,28123453-6,1976-02-13,1,1
77,Fatima Mercedes,Aguilar Aguirre,61662776-9,1957-01-12,1,10
78,Fatima Mercedes,Aguilar Aguirre,79522968-6,1947-11-08,1,4
79,Fatima Mercedes,Aguilar Aguirre,20261981-7,1957-08-01,1,7
80,Fatima Mercedes,Aguilar Aguirre,22616585-1,1994-10-24,1,8
81,Fatima Mercedes,Aguilar Aguirre,69912537-9,1942-02-14,1,12
82,Fatima Mercedes,Aguilar Aguirre,34762614-6,1987-11-10,1,2
83,Fatima Mercedes,Aguilar Aguirre,67309756-6,1992-10-24,1,10
84,Fatima Mercedes,Aguilar Aguirre,42822739-3,1971-12-03,1,5
85,Fatima Mercedes,Aguilar Aguirre,50354296-7,1971-06-27,1,9
86,Fatima Mercedes,Aguilar Aguirre,58295759-6,1941-05-08,1,2
87,Fatima Mercedes,Aguilar Aguirre,65730942-5,1984-02-19,1,12
88,Fatima Mercedes,Aguilar Aguirre,81054694-1,1953-10-13,1,7
89,Fatima Mercedes,Aguilar Aguirre,53679899-7,1986-04-30,1,1
90,Fatima Mercedes,Aguilar Aguirre,62747882-9,1991-10-30,1,11
91,Fatima Mercedes,Aguilar Aguirre,96774837-1,1978-09-21,1,11
92,Fatima Mercedes,Aguilar Aguirre,47656548-1,1984-11-28,1,6
93,Fatima Mercedes,Aguilar Aguirre,67266233-9,1999-05-10,1,12
94,Fatima Mercedes,Aguilar Aguirre,35669747-3,1969-04-05,1,9
95,Fatima Mercedes,Aguilar Aguirre,49312357-1,1965-12-08,1,10
96,Fatima Mercedes,Aguilar Aguirre,93721440-8,1943-11-16,1,2
97,Fatima Mercedes,Aguilar Aguirre,49242116-3,1974-04-21,1,1
98,Fatima Mercedes,Aguilar Aguirre,57203269-9,1993-06-27,1,8
99,Fatima Mercedes,Aguilar Aguirre,33592961-5,1976-02-06,1,4
100,Kevin Alexander,Rodriguez Alegria,63674705-7,1952-10-20,2,13
101,Kevin Alexander,Rodriguez Alegria,40210225-9,1955-06-13,2,19
102,Kevin Alexander,Rodriguez Alegria,17346488-9,1963-07-07,2,14
103,Kevin Alexander,Rodriguez Alegria,38342310-6,1996-09-11,2,21
104,Kevin Alexander,Rodriguez Alegria,95586007-4,1958-03-30,2,20
105,Kevin Alexander,Rodriguez Alegria,59029630-1,1997-09-22,2,17
106,Kevin Alexander,Rodriguez Alegria,39759153-9,1985-04-21,2,21
107,Kevin Alexander,Rodriguez Alegria,64332913-6,1941-12-08,2,17
108,Kevin Alexander,Rodriguez Alegria,34019716-7,1950-09-01,2,20
109,Kevin Alexander,Rodriguez Alegria,26362068-2,1977-05-15,2,16
110,Kevin Alexander,Rodriguez Alegria,82927356-1,1999-12-23,2,16
111,Kevin Alexander,Rodriguez Alegria,94575948-4,1978-08-24,2,17
112,Kevin Alexander,Rodriguez Alegria,77608352-3,1989-06-08,2,14
113,Kevin Alexander,Rodriguez Alegria,42134876-4,1941-08-19,2,16
114,Kevin Alexander,Rodriguez Alegria,57785870-6,1983-01-14,2,14
115,Kevin Alexander,Rodriguez Alegria,98184308-5,1983-07-29,2,19
116,Kevin Alexander,Rodriguez Alegria,86491823-2,1974-03-30,2,18
117,Kevin Alexander,Rodriguez Alegria,79925572-8,1984-01-11,2,16
118,Kevin Alexander,Rodriguez Alegria,15577215-9,1974-12-28,2,17
119,Kevin Alexander,Rodriguez Alegria,52992174-4,1971-11-07,2,17
120,Kevin Alexander,Rodriguez Alegria,12667172-2,1964-01-25,2,15
121,Kevin Alexander,Rodriguez Alegria,69968212-5,1947-01-08,2,18
122,Kevin Alexander,Rodriguez Alegria,31291955-4,1944-11-26,2,20
123,Kevin Alexander,Rodriguez Alegria,55241804-1,1996-05-28,2,20
124,Kevin Alexander,Rodriguez Alegria,83330857-6,1940-07-29,2,21
125,Kevin Alexander,Rodriguez Alegria,49717336-9,1996-04-27,2,15
126,Kevin Alexander,Rodriguez Alegria,10259474-5,1988-02-13,2,19
127,Kevin Alexander,Rodriguez Alegria,96368490-8,1941-09-11,2,14
128,Kevin Alexander,Rodriguez Alegria,52453651-1,1994-06-19,2,14
129,Kevin Alexander,Rodriguez Alegria,19405798-7,1952-11-04,2,15
130,Kevin Alexander,Rodriguez Alegria,46093888-8,1969-01-19,2,15
131,Kevin Alexander,Rodriguez Alegria,24451198-7,1952-03-02,2,14
132,Kevin Alexander,Rodriguez Alegria,51426475-6,1943-01-23,2,20
133,Kevin Alexander,Rodriguez Alegria,18743940-2,1991-11-15,2,13
134,Kevin Alexander,Rodriguez Alegria,93851665-9,1999-11-03,2,18
135,Kevin Alexander,Rodriguez Alegria,62158578-4,1956-10-27,2,14
136,Kevin Alexander,Rodriguez Alegria,79434753-3,1970-08-06,2,13
137,Kevin Alexander,Rodriguez Alegria,39816325-7,1959-05-05,2,15
138,Kevin Alexander,Rodriguez Alegria,46601630-8,1986-08-24,2,17
139,Kevin Alexander,Rodriguez Alegria,82202632-7,1991-08-31,2,15
140,Kevin Alexander,Rodriguez Alegria,19093814-9,1982-10-26,2,19
141,Kevin Alexander,Rodriguez Alegria,77642031-7,1970-05-01,2,14
142,Kevin Alexander,Rodriguez Alegria,88289500-6,1984-12-23,2,19
143,Kevin Alexander,Rodriguez Alegria,82585597-5,1945-12-21,2,20
144,Kevin Alexander,Rodriguez Alegria,30632987-2,1998-09-15,2,17
145,Kevin Alexander,Rodriguez Alegria,77864598-2,1961-02-17,2,15
146,Kevin Alexander,Rodriguez Alegria,55450633-6,1984-03-08,2,20
147,Kevin Alexander,Rodriguez Alegria,28674077-5,1990-12-18,2,13
148,Kevin Alexander,Rodriguez Alegria,78391832-4,1996-01-23,2,18
149,Kevin Alexander,Rodriguez Alegria,83245980-4,1980-09-30,2,19
150,Kevin Alexander,Rodriguez Alegria,58654132-5,1999-10-31,2,13
151,Kevin Alexander,Rodriguez Alegria,35975943-9,1978-09-25,2,15
152,Kevin Alexander,Rodriguez Alegria,93017724-6,1966-06-26,2,14
153,Kevin Alexander,Rodriguez Alegria,17274275-3,1952-05-30,2,17
154,Kevin Alexander,Rodriguez Alegria,38089651-6,1959-01-25,2,18
155,Kevin Alexander,Rodriguez Alegria,96877771-3,1976-10-17,2,13
156,Kevin Alexander,Rodriguez Alegria,77435018-8,1955-02-26,2,13
157,Kevin Alexander,Rodriguez Alegria,77629063-1,1943-10-18,2,14
158,Kevin Alexander,Rodriguez Alegria,23790079-4,1959-08-15,2,21
159,Kevin Alexander,Rodriguez Alegria,24652411-5,1999-09-15,2,20
160,Kevin Alexander,Rodriguez Alegria,48388710-4,1977-08-20,2,15
161,Kevin Alexander,Rodriguez Alegria,61080246-2,1971-01-02,2,14
162,Kevin Alexander,Rodriguez Alegria,84004872-6,1987-10-15,2,17
163,Kevin Alexander,Rodriguez Alegria,13035195-3,1971-07-03,2,16
164,Kevin Alexander,Rodriguez Alegria,40079792-3,1946-07-25,2,15
165,Kevin Alexander,Rodriguez Alegria,24053442-1,1988-03-23,2,21
166,Kevin Alexander,Rodriguez Alegria,94333145-5,1957-07-11,2,19
167,Kevin Alexander,Rodriguez Alegria,26688438-7,1948-07-16,2,14
168,Kevin Alexander,Rodriguez Alegria,17109380-7,1960-05-19,2,16
169,Kevin Alexander,Rodriguez Alegria,13791217-7,1955-09-07,2,14
170,Kevin Alexander,Rodriguez Alegria,49110026-4,1953-05-02,2,19
171,Kevin Alexander,Rodriguez Alegria,17839194-7,1940-11-13,2,13
172,Kevin Alexander,Rodriguez Alegria,67501570-4,1947-09-10,2,18
173,Kevin Alexander,Rodriguez Alegria,38523824-8,1940-02-11,2,13
174,Kevin Alexander,Rodriguez Alegria,51452406-2,1983-09-24,2,18
175,Kevin Alexander,Rodriguez Alegria,30828933-5,1958-12-23,2,15
176,Kevin Alexander,Rodriguez Alegria,99670713-5,1961-05-01,2,14
177,Kevin Alexander,Rodriguez Alegria,59581055-9,1964-05-24,2,14
178,Kevin Alexander,Rodriguez Alegria,58913797-8,1983-05-26,2,18
179,Kevin Alexander,Rodriguez Alegria,15692925-6,1972-07-20,2,20
180,Kevin Alexander,Rodriguez Alegria,42328501-5,1950-08-08,2,19
181,Kevin Alexander,Rodriguez Alegria,70870206-9,1985-12-07,2,20
182,Kevin Alexander,Rodriguez Alegria,67892942-8,1957-08-09,2,13
183,Kevin Alexander,Rodriguez Alegria,62907159-6,1966-05-15,2,19
184,Kevin Alexander,Rodriguez Alegria,55132602-7,1955-04-27,2,19
185,Kevin Alexander,Rodriguez Alegria,81971496-6,2000-09-26,2,15
186,Kevin Alexander,Rodriguez Alegria,81927855-9,1966-05-27,2,16
187,Kevin Alexander,Rodriguez Alegria,65503157-7,1941-11-16,2,18
188,Kevin Alexander,Rodriguez Alegria,92474780-1,1954-02-14,2,21
189,Kevin Alexander,Rodriguez Alegria,61778205-1,1957-01-11,2,13
190,Kevin Alexander,Rodriguez Alegria,24484724-9,2000-01-25,2,16
191,Kevin Alexander,Rodriguez Alegria,13272401-9,1942-01-01,2,16
192,Kevin Alexander,Rodriguez Alegria,35849852-5,1984-11-28,2,17
193,Kevin Alexander,Rodriguez Alegria,54480512-3,1946-04-21,2,17
194,Kevin Alexander,Rodriguez Alegria,55359700-3,1957-09-04,2,16
195,Kevin Alexander,Rodriguez Alegria,34114432-8,1945-08-15,2,13
196,Kevin Alexander,Rodriguez Alegria,47421935-1,1956-07-30,2,16
197,Kevin Alexander,Rodriguez Alegria,62122052-8,1989-12-20,2,20
198,Kevin Alexander,Rodriguez Alegria,14795581-8,1963-06-12,2,19
199,Kevin Alexander,Rodriguez Alegria,92554658-9,1961-06-18,2,17
200,Kevin Alexander,Rodriguez Alegria,36432073-1,1952-10-31,2,15
201,Kevin Alexander,Rodriguez Alegria,62052968-7,1972-08-27,2,19
202,Kevin Alexander,Rodriguez Alegria,45652272-5,1956-12-02,2,18
203,Kevin Alexander,Rodriguez Alegria,30496160-2,1991-02-20,2,21
204,Kevin Alexander,Rodriguez Alegria,49704489-8,1991-07-23,2,21
205,Kevin Alexander,Rodriguez Alegria,37532684-3,1959-08-15,2,19
206,Kevin Alexander,Rodriguez Alegria,17084949-7,1963-04-12,2,16
207,Kevin Alexander,Rodriguez Alegria,65463733-6,1975-10-06,2,17
208,Kevin Alexander,Rodriguez Alegria,84093488-7,1999-08-03,2,15
209,Kevin Alexander,Rodriguez Alegria,69297682-2,1983-12-30,2,16
210,Kevin Alexander,Rodriguez Alegria,61767106-3,1987-05-01,2,17
211,Kevin Alexander,Rodriguez Alegria,60067075-2,1967-03-21,2,14
212,Kevin Alexander,Rodriguez Alegria,46907922-7,1955-01-17,2,15
213,Kevin Alexander,Rodriguez Alegria,71365437-2,1977-01-04,2,16
214,Kevin Alexander,Rodriguez Alegria,31174708-1,1950-03-05,2,21
215,Kevin Alexander,Rodriguez Alegria,39045610-3,1958-09-11,2,21
216,Kevin Alexander,Rodriguez Alegria,40538066-2,1978-05-27,2,21
217,Kevin Alexander,Rodriguez Alegria,87559813-1,1956-11-01,2,19
218,Kevin Alexander,Rodriguez Alegria,19061968-5,1941-12-17,2,18
219,Kevin Alexander,Rodriguez Alegria,47934336-3,1955-03-28,2,20
220,Kevin Alexander,Rodriguez Alegria,55071936-3,1948-05-25,2,14
221,Kevin Alexander,Rodriguez Alegria,29448840-1,1978-02-13,2,20
222,Kevin Alexander,Rodriguez Alegria,51548293-7,1997-01-02,2,13
223,Kevin Alexander,Rodriguez Alegria,37620646-1,1948-11-05,2,14
224,Kevin Alexander,Rodriguez Alegria,31963152-8,1988-08-16,2,16
225,Kevin Alexander,Rodriguez Alegria,40858255-4,1956-12-01,2,20
226,Kevin Alexander,Rodriguez Alegria,18571973-4,1945-08-07,2,19
227,Kevin Alexander,Rodriguez Alegria,55821406-3,1971-11-17,2,15
228,Kevin Alexander,Rodriguez Alegria,37058894-6,1957-05-24,2,15
229,Kevin Alexander,Rodriguez Alegria,59506544-7,1972-07-30,2,13
230,Kevin Alexander,Rodriguez Alegria,55038429-5,1940-07-18,2,16
231,Kevin Alexander,Rodriguez Alegria,32868597-3,1964-08-22,2,19
232,Kevin Alexander,Rodriguez Alegria,20321837-7,1956-06-02,2,21
233,Kevin Alexander,Rodriguez Alegria,31109036-8,1967-10-13,2,14
234,Kevin Alexander,Rodriguez Alegria,96106626-1,1981-10-14,2,21
235,Kevin Alexander,Rodriguez Alegria,58823806-5,1966-06-01,2,15
236,Kevin Alexander,Rodriguez Alegria,41292718-1,1950-05-31,2,19
237,Kevin Alexander,Rodriguez Alegria,75719425-5,1947-12-27,2,13
238,Kevin Alexander,Rodriguez Alegria,62068407-2,1981-12-20,2,16
239,Kevin Alexander,Rodriguez Alegria,45734278-7,1995-03-27,2,18
240,Kevin Alexander,Rodriguez Alegria,67459201-8,1994-11-12,2,19
241,Kevin Alexander,Rodriguez Alegria,65519670-4,1967-07-04,2,13
242,Kevin Alexander,Rodriguez Alegria,96373282-3,1941-11-03,2,13
243,Kevin Alexander,Rodriguez Alegria,57359000-1,1957-03-29,2,15
244,Kevin Alexander,Rodriguez Alegria,15082598-4,1960-02-25,2,14
245,Kevin Alexander,Rodriguez Alegria,95741510-8,1959-06-04,2,21
246,Kevin Alexander,Rodriguez Alegria,16933894-7,1950-02-25,2,16
247,Kevin Alexander,Rodriguez Alegria,83303520-5,1964-10-27,2,16
248,Kevin Alexander,Rodriguez Alegria,90082190-1,1978-10-07,2,18
249,Kevin Alexander,Rodriguez Alegria,83252208-2,1945-08-05,2,19
250,Kevin Alexander,Rodriguez Alegria,78047976-1,1959-12-03,2,19
251,Kevin Alexander,Rodriguez Alegria,28766385-3,1987-12-01,2,18
252,Kevin Alexander,Rodriguez Alegria,52734749-3,1944-02-25,2,20
253,Kevin Alexander,Rodriguez Alegria,11376321-8,1965-06-28,2,16
254,Kevin Alexander,Rodriguez Alegria,51791762-7,1963-07-31,2,20
255,Kevin Alexander,Rodriguez Alegria,61749997-3,1966-10-06,2,21
256,Kevin Alexander,Rodriguez Alegria,49900803-5,1953-05-06,2,21
257,Kevin Alexander,Rodriguez Alegria,13520557-4,1944-01-18,2,14
258,Kevin Alexander,Rodriguez Alegria,61892301-1,1943-04-26,2,16
259,Kevin Alexander,Rodriguez Alegria,88373159-9,2000-10-09,2,17
260,Kevin Alexander,Rodriguez Alegria,53623989-2,1953-12-24,2,16
261,Kevin Alexander,Rodriguez Alegria,99527986-5,1979-04-04,2,16
262,Kevin Alexander,Rodriguez Alegria,56423042-4,1940-09-19,2,20
263,Kevin Alexander,Rodriguez Alegria,12691851-4,1954-11-29,2,20
264,Kevin Alexander,Rodriguez Alegria,23309644-1,1968-10-22,2,13
265,Kevin Alexander,Rodriguez Alegria,99248879-8,1957-07-28,2,21
266,Kevin Alexander,Rodriguez Alegria,86721556-3,1993-09-24,2,16
267,Kevin Alexander,Rodriguez Alegria,84295619-1,1971-05-26,2,18
268,Kevin Alexander,Rodriguez Alegria,89219507-5,1990-08-17,2,19
269,Kevin Alexander,Rodriguez Alegria,76029407-9,1978-03-04,2,20
270,Kevin Alexander,Rodriguez Alegria,51318036-2,1998-07-19,2,16
271,Kevin Alexander,Rodriguez Alegria,73739615-2,1948-01-24,2,15
272,Kevin Alexander,Rodriguez Alegria,67424036-3,1998-04-18,2,15
273,Kevin Alexander,Rodriguez Alegria,39091586-4,1953-09-27,2,13
274,Kevin Alexander,Rodriguez Alegria,18378629-9,1953-06-09,2,19
275,Erick Antonio,Mendez Muñoz,50966527-3,1953-03-03,3,38
276,Erick Antonio,Mendez Muñoz,87127131-4,1952-04-29,3,47
277,Erick Antonio,Mendez Muñoz,89933782-4,1942-06-29,3,26
278,Erick Antonio,Mendez Muñoz,75583321-9,1940-02-19,3,53
279,Erick Antonio,Mendez Muñoz,79500860-5,1990-12-26,3,35
280,Erick Antonio,Mendez Muñoz,85427605-5,1950-11-26,3,43
281,Erick Antonio,Mendez Muñoz,60398651-6,1948-10-08,3,37
282,Erick Antonio,Mendez Muñoz,40275779-7,1981-03-13,3,39
283,Erick Antonio,Mendez Muñoz,13138112-2,1946-09-02,3,30
284,Erick Antonio,Mendez Muñoz,62791224-1,1998-01-23,3,45
285,Erick Antonio,Mendez Muñoz,42057950-3,1951-11-05,3,34
286,Erick Antonio,Mendez Muñoz,71893802-1,1978-05-03,3,40
287,Erick Antonio,Mendez Muñoz,46935645-1,1985-04-06,3,48
288,Erick Antonio,Mendez Muñoz,33731285-7,1970-12-26,3,29
289,Erick Antonio,Mendez Muñoz,14528728-6,1979-04-26,3,27
290,Erick Antonio,Mendez Muñoz,29993742-2,1972-11-27,3,34
291,Erick Antonio,Mendez Muñoz,47964414-9,1948-06-29,3,49
292,Erick Antonio,Mendez Muñoz,31509906-7,1958-04-05,3,47
293,Erick Antonio,Mendez Muñoz,13054958-8,1975-12-29,3,37
294,Erick Antonio,Mendez Muñoz,81229066-5,1980-07-31,3,43
295,Erick Antonio,Mendez Muñoz,33983007-8,1972-07-05,3,34
296,Erick Antonio,Mendez Muñoz,67760302-6,1985-05-27,3,52
297,Erick Antonio,Mendez Muñoz,86611639-7,1954-02-14,3,50
298,Erick Antonio,Mendez Muñoz,69750751-3,1940-04-18,3,34
299,Erick Antonio,Mendez Muñoz,28841577-8,1980-02-22,3,46
300,Erick Antonio,Mendez Muñoz,55045484-5,1989-12-08,3,40
301,Erick Antonio,Mendez Muñoz,22223901-9,1971-11-21,3,29
302,Erick Antonio,Mendez Muñoz,60819711-3,1956-01-04,3,47
303,Erick Antonio,Mendez Muñoz,25006898-2,1957-01-22,3,25
304,Erick Antonio,Mendez Muñoz,62272060-7,1949-10-28,3,27
305,Erick Antonio,Mendez Muñoz,92225179-2,1969-04-14,3,36
306,Erick Antonio,Mendez Muñoz,98666491-4,1947-10-30,3,45
307,Erick Antonio,Mendez Muñoz,71567448-4,1988-12-28,3,25
308,Erick Antonio,Mendez Muñoz,41588879-9,1973-11-21,3,39
309,Erick Antonio,Mendez Muñoz,70846969-1,1975-07-29,3,44
310,Erick Antonio,Mendez Muñoz,38796040-4,1986-03-01,3,37
311,Erick Antonio,Mendez Muñoz,35755343-3,1959-03-02,3,45
312,Erick Antonio,Mendez Muñoz,43416597-8,1960-06-23,3,23
313,Erick Antonio,Mendez Muñoz,48359920-7,1984-09-27,3,44
314,Erick Antonio,Mendez Muñoz,89698471-6,1993-09-21,3,48
315,Erick Antonio,Mendez Muñoz,38376698-6,1968-02-29,3,37
316,Erick Antonio,Mendez Muñoz,88049760-2,1989-04-12,3,49
317,Erick Antonio,Mendez Muñoz,40098576-3,1972-12-07,3,23
318,Erick Antonio,Mendez Muñoz,10373008-8,1954-01-05,3,53
319,Erick Antonio,Mendez Muñoz,53275641-9,1953-10-08,3,45
320,Erick Antonio,Mendez Muñoz,85054760-5,1943-04-26,3,47
321,Erick Antonio,Mendez Muñoz,87359589-5,1946-01-10,3,26
322,Erick Antonio,Mendez Muñoz,15260879-6,1966-07-01,3,28
323,Erick Antonio,Mendez Muñoz,92988679-7,1977-01-27,3,23
324,Erick Antonio,Mendez Muñoz,20378553-3,1961-10-07,3,40
325,Erick Antonio,Mendez Muñoz,44984691-5,1958-05-19,3,52
326,Erick Antonio,Mendez Muñoz,79530796-4,1970-09-05,3,28
327,Erick Antonio,Mendez Muñoz,47036637-9,1975-03-18,3,46
328,Erick Antonio,Mendez Muñoz,79905171-2,1952-08-29,3,33
329,Erick Antonio,Mendez Muñoz,54170595-8,1961-03-11,3,24
330,Erick Antonio,Mendez Muñoz,37004417-9,1999-01-20,3,25
331,Erick Antonio,Mendez Muñoz,51877061-4,1987-04-06,3,49
332,Erick Antonio,Mendez Muñoz,29880224-8,1995-05-12,3,24
333,Erick Antonio,Mendez Muñoz,89141370-6,1985-03-06,3,51
334,Erick Antonio,Mendez Muñoz,99419323-5,1958-04-19,3,37
335,Erick Antonio,Mendez Muñoz,50045527-3,1989-05-04,3,33
336,Erick Antonio,Mendez Muñoz,72808454-8,1977-12-26,3,46
337,Erick Antonio,Mendez Muñoz,72719393-5,1946-10-06,3,32
338,Erick Antonio,Mendez Muñoz,71678730-4,1971-12-02,3,22
339,Erick Antonio,Mendez Muñoz,37844550-2,1965-12-30,3,38
340,Erick Antonio,Mendez Muñoz,58372620-2,1992-03-26,3,47
341,Erick Antonio,Mendez Muñoz,16872267-1,1975-05-14,3,37
342,Erick Antonio,Mendez Muñoz,15776892-7,1992-11-15,3,52
343,Erick Antonio,Mendez Muñoz,25345087-1,1942-03-23,3,28
344,Erick Antonio,Mendez Muñoz,32553619-7,1998-07-03,3,23
345,Erick Antonio,Mendez Muñoz,33223521-7,1986-03-16,3,39
346,Erick Antonio,Mendez Muñoz,59016806-6,1995-10-01,3,40
347,Erick Antonio,Mendez Muñoz,30447655-6,1988-10-18,3,50
348,Erick Antonio,Mendez Muñoz,43180229-7,1982-02-07,3,24
349,Erick Antonio,Mendez Muñoz,52074792-5,1990-12-21,3,38
350,Erick Antonio,Mendez Muñoz,26282135-2,1982-03-18,3,26
351,Erick Antonio,Mendez Muñoz,62342609-2,1988-11-23,3,38
352,Erick Antonio,Mendez Muñoz,20620596-5,1954-07-01,3,36
353,Erick Antonio,Mendez Muñoz,17083163-2,1954-12-07,3,43
354,Erick Antonio,Mendez Muñoz,79294356-9,1940-07-27,3,30
355,Erick Antonio,Mendez Muñoz,37874440-5,1944-01-26,3,45
356,Erick Antonio,Mendez Muñoz,90024191-4,1996-11-09,3,47
357,Erick Antonio,Mendez Muñoz,51955263-8,1943-07-21,3,54
358,Erick Antonio,Mendez Muñoz,86145333-6,1983-08-10,3,35
359,Erick Antonio,Mendez Muñoz,89047801-2,1960-03-11,3,43
360,Erick Antonio,Mendez Muñoz,58255300-6,1944-10-18,3,26
361,Erick Antonio,Mendez Muñoz,75166649-9,1970-06-16,3,25
362,Erick Antonio,Mendez Muñoz,57527705-1,1954-05-12,3,29
363,Erick Antonio,Mendez Muñoz,35280395-7,1977-10-09,3,51
364,Erick Antonio,Mendez Muñoz,11402692-2,1964-12-03,3,25
365,Erick Antonio,Mendez Muñoz,38711322-2,1953-10-06,3,45
366,Erick Antonio,Mendez Muñoz,67696689-7,1979-11-11,3,46
367,Erick Antonio,Mendez Muñoz,37723567-3,1962-11-23,3,50
368,Erick Antonio,Mendez Muñoz,13572186-1,1958-07-25,3,25
369,Erick Antonio,Mendez Muñoz,86913547-4,1996-03-31,3,22
370,Erick Antonio,Mendez Muñoz,59196320-4,1985-07-26,3,49
371,Erick Antonio,Mendez Muñoz,56569706-4,1964-08-29,3,46
372,Erick Antonio,Mendez Muñoz,24260146-3,1949-01-15,3,24
373,Erick Antonio,Mendez Muñoz,47770677-9,1955-12-25,3,33
374,Erick Antonio,Mendez Muñoz,27287441-4,1989-03-28,3,35
375,Erick Antonio,Mendez Muñoz,52041771-8,1943-01-10,3,53
376,Erick Antonio,Mendez Muñoz,54820683-9,1958-08-13,3,43
377,Erick Antonio,Mendez Muñoz,54197232-1,1951-02-15,3,31
378,Erick Antonio,Mendez Muñoz,88550059-4,1940-07-11,3,44
379,Erick Antonio,Mendez Muñoz,96964610-8,1945-03-20,3,44
380,Erick Antonio,Mendez Muñoz,98562456-6,1991-12-31,3,53
381,Erick Antonio,Mendez Muñoz,92985914-1,1961-03-06,3,42
382,Erick Antonio,Mendez Muñoz,75455886-6,1997-02-27,3,51
383,Erick Antonio,Mendez Muñoz,41170057-1,1945-02-27,3,26
384,Erick Antonio,Mendez Muñoz,74739045-3,1969-12-12,3,43
385,Erick Antonio,Mendez Muñoz,78664860-8,1964-08-06,3,31
386,Erick Antonio,Mendez Muñoz,84544312-9,1950-12-27,3,25
387,Erick Antonio,Mendez Muñoz,42236777-1,1950-07-01,3,38
388,Erick Antonio,Mendez Muñoz,40410501-2,1971-06-14,3,23
389,Erick Antonio,Mendez Muñoz,38132262-2,1959-02-19,3,45
390,Erick Antonio,Mendez Muñoz,90655955-8,1976-09-02,3,43
391,Erick Antonio,Mendez Muñoz,94543362-6,1981-12-22,3,43
392,Erick Antonio,Mendez Muñoz,93319954-4,1976-04-07,3,25
393,Erick Antonio,Mendez Muñoz,76952340-3,1952-02-29,3,38
394,Erick Antonio,Mendez Muñoz,92174425-5,1949-12-24,3,46
395,Erick Antonio,Mendez Muñoz,91031396-7,1980-10-09,3,47
396,Erick Antonio,Mendez Muñoz,68635492-3,1980-12-07,3,22
397,Erick Antonio,Mendez Muñoz,53815104-5,1998-02-22,3,35
398,Erick Antonio,Mendez Muñoz,66157200-5,1977-09-02,3,26
399,Erick Antonio,Mendez Muñoz,90620406-6,1964-06-16,3,43
400,Erick Antonio,Mendez Muñoz,18638361-7,1982-05-23,3,45
401,Erick Antonio,Mendez Muñoz,66111230-5,1958-05-31,3,47
402,Erick Antonio,Mendez Muñoz,95510147-9,1980-06-18,3,23
403,Erick Antonio,Mendez Muñoz,92487314-7,1953-09-22,3,41
404,Erick Antonio,Mendez Muñoz,47640015-3,1975-01-30,3,47
405,Erick Antonio,Mendez Muñoz,68699991-7,1966-09-19,3,52
406,Erick Antonio,Mendez Muñoz,69613230-7,1998-03-31,3,38
407,Erick Antonio,Mendez Muñoz,58674419-2,1984-08-28,3,52
408,Erick Antonio,Mendez Muñoz,74892446-4,1982-10-20,3,49
409,Luis Alexander,Galindo Rodriguez,66522170-4,1956-12-28,4,57
410,Luis Alexander,Galindo Rodriguez,51389753-3,1944-02-25,4,60
411,Luis Alexander,Galindo Rodriguez,90504747-8,1962-02-21,4,60
412,Luis Alexander,Galindo Rodriguez,41609748-1,1990-07-16,4,57
413,Luis Alexander,Galindo Rodriguez,40148037-9,1950-03-31,4,58
414,Luis Alexander,Galindo Rodriguez,50777641-6,1952-12-02,4,64
415,Luis Alexander,Galindo Rodriguez,90678652-1,1981-12-27,4,61
416,Luis Alexander,Galindo Rodriguez,47149992-1,1995-05-25,4,60
417,Luis Alexander,Galindo Rodriguez,22612207-3,1942-09-11,4,58
418,Luis Alexander,Galindo Rodriguez,38840621-6,1976-11-08,4,60
419,Luis Alexander,Galindo Rodriguez,84371172-5,1974-11-13,4,63
420,Luis Alexander,Galindo Rodriguez,46967773-6,1992-08-01,4,64
421,Luis Alexander,Galindo Rodriguez,61542599-6,1958-04-02,4,63
422,Luis Alexander,Galindo Rodriguez,81643394-3,1962-02-23,4,69
423,Luis Alexander,Galindo Rodriguez,38982161-2,1951-08-03,4,69
424,Luis Alexander,Galindo Rodriguez,31371667-6,1956-04-04,4,61
425,Luis Alexander,Galindo Rodriguez,14995904-7,1976-05-24,4,59
426,Luis Alexander,Galindo Rodriguez,57356244-5,1958-04-06,4,58
427,Luis Alexander,Galindo Rodriguez,53321391-2,1962-03-31,4,55
428,Luis Alexander,Galindo Rodriguez,91510283-8,1975-07-06,4,65
429,Luis Alexander,Galindo Rodriguez,72112077-7,1971-12-01,4,63
430,Luis Alexander,Galindo Rodriguez,90694854-5,1989-11-04,4,55
431,Luis Alexander,Galindo Rodriguez,65156883-5,1971-11-01,4,60
432,Luis Alexander,Galindo Rodriguez,93188435-8,1972-12-02,4,60
433,Luis Alexander,Galindo Rodriguez,24654661-2,1957-03-15,4,64
434,Luis Alexander,Galindo Rodriguez,88237261-9,1957-11-26,4,70
435,Luis Alexander,Galindo Rodriguez,81930328-1,1983-03-29,4,57
436,Luis Alexander,Galindo Rodriguez,45073399-4,1940-07-14,4,70
437,Luis Alexander,Galindo Rodriguez,60129122-9,1997-05-09,4,60
438,Luis Alexander,Galindo Rodriguez,52270032-2,1944-10-23,4,65
439,Luis Alexander,Galindo Rodriguez,29524003-6,1963-04-17,4,67
440,Luis Alexander,Galindo Rodriguez,88492179-8,1954-05-01,4,66
441,Luis Alexander,Galindo Rodriguez,24553496-7,1955-08-29,4,61
442,Luis Alexander,Galindo Rodriguez,54237971-1,1974-05-25,4,60
443,Luis Alexander,Galindo Rodriguez,99548809-1,1960-03-01,4,67
444,Luis Alexander,Galindo Rodriguez,85884615-3,2000-06-28,4,66
445,Luis Alexander,Galindo Rodriguez,51726643-2,1986-10-27,4,68
446,Luis Alexander,Galindo Rodriguez,88127342-2,1968-10-08,4,64
447,Luis Alexander,Galindo Rodriguez,94709784-3,1987-12-05,4,55
448,Luis Alexander,Galindo Rodriguez,58519996-9,1951-01-21,4,57
449,Luis Alexander,Galindo Rodriguez,17693459-9,1996-11-16,4,58
450,Luis Alexander,Galindo Rodriguez,90905903-1,1971-08-08,4,63
451,Luis Alexander,Galindo Rodriguez,60961103-8,1982-08-28,4,58
452,Luis Alexander,Galindo Rodriguez,32926104-4,1993-11-11,4,55
453,Luis Alexander,Galindo Rodriguez,19145617-7,1950-11-24,4,63
454,Luis Alexander,Galindo Rodriguez,30298646-1,1967-04-18,4,67
455,Camila,Arriola Piche,88685862-4,1960-06-27,5,82
456,Camila,Arriola Piche,95997272-4,1979-06-10,5,86
457,Camila,Arriola Piche,56767237-4,1976-08-24,5,81
458,Camila,Arriola Piche,15849596-6,1970-04-09,5,83
459,Camila,Arriola Piche,21110352-4,1965-08-14,5,82
460,Camila,Arriola Piche,86494250-9,1959-12-26,5,89
461,Camila,Arriola Piche,81603397-6,1959-01-15,5,80
462,Camila,Arriola Piche,46759324-4,1996-11-09,5,78
463,Camila,Arriola Piche,33496866-5,1980-11-03,5,79
464,Camila,Arriola Piche,97557322-6,1947-07-19,5,85
465,Camila,Arriola Piche,61747636-2,1973-05-01,5,87
466,Camila,Arriola Piche,55546359-9,1972-05-03,5,83
467,Camila,Arriola Piche,32953227-1,1990-02-17,5,77
468,Camila,Arriola Piche,33523991-9,1949-05-18,5,80
469,Camila,Arriola Piche,96803364-3,1964-02-17,5,80
470,Camila,Arriola Piche,47508943-7,1980-05-20,5,90
471,Camila,Arriola Piche,77287003-8,1941-08-07,5,71
472,Camila,Arriola Piche,27609271-8,1991-09-05,5,76
473,Camila,Arriola Piche,93668996-7,1989-01-05,5,78
474,Camila,Arriola Piche,91823299-4,1950-11-03,5,76
475,Camila,Arriola Piche,11047837-3,1965-06-16,5,79
476,Camila,Arriola Piche,26655172-2,2000-06-10,5,81
477,Camila,Arriola Piche,83460169-3,1948-06-13,5,88
478,Camila,Arriola Piche,56281286-7,1950-07-16,5,72
479,Camila,Arriola Piche,65776068-5,1998-02-17,5,76
480,Camila,Arriola Piche,16100584-3,1968-10-17,5,88
481,Camila,Arriola Piche,73689025-5,1944-02-03,5,89
482,Camila,Arriola Piche,52395285-1,1993-03-12,5,76
483,Camila,Arriola Piche,91181498-1,1962-10-14,5,85
484,Camila,Arriola Piche,92617738-1,1966-03-18,5,87
485,Camila,Arriola Piche,86360150-7,1999-10-24,5,85
486,Camila,Arriola Piche,31392610-6,1947-12-23,5,87
487,Camila,Arriola Piche,70934255-2,1983-12-11,5,82
488,Camila,Arriola Piche,68412702-9,1942-02-07,5,78
489,Camila,Arriola Piche,27559965-9,1980-12-04,5,75
490,Camila,Arriola Piche,23760913-7,1962-11-08,5,72
491,Camila,Arriola Piche,23297627-2,1962-07-20,5,83
492,Camila,Arriola Piche,18200997-2,1950-05-11,5,91
493,Camila,Arriola Piche,53492429-4,1962-10-10,5,77
494,Camila,Arriola Piche,99504036-9,1947-06-05,5,91
495,Camila,Arriola Piche,91677185-8,1986-06-15,5,82
496,Camila,Arriola Piche,65456015-5,1981-07-22,5,72
497,Camila,Arriola Piche,38501078-5,1972-08-19,5,72
498,Camila,Arriola Piche,70666125-8,1976-02-01,5,72
499,Camila,Arriola Piche,93974813-4,1998-04-12,5,82
500,Camila,Arriola Piche,61918312-6,1985-10-20,5,75
501,Camila,Arriola Piche,84711436-8,1975-06-25,5,81
502,Camila,Arriola Piche,42142698-8,1940-03-02,5,71
503,Camila,Arriola Piche,68101847-3,1946-01-09,5,85
504,Camila,Arriola Piche,26747009-6,1994-05-08,5,75
505,Camila,Arriola Piche,18352639-6,1948-06-18,5,80
506,Camila,Arriola Piche,42507334-2,1985-09-02,5,91
507,Camila,Arriola Piche,49063477-7,1980-08-10,5,85
508,Camila,Arriola Piche,72216125-8,1940-02-16,5,76
509,Alejandra ,Lara Ordoñez,36376348-1,1997-01-21,6,108
510,Alejandra ,Lara Ordoñez,98800508-1,1972-03-04,6,94
511,Alejandra ,Lara Ordoñez,85841875-2,1985-04-16,6,109
512,Alejandra ,Lara Ordoñez,86167435-3,1946-12-06,6,98
513,Alejandra ,Lara Ordoñez,84734739-4,1958-10-28,6,103
514,Alejandra ,Lara Ordoñez,45778641-7,1992-08-23,6,107
515,Alejandra ,Lara Ordoñez,13124954-4,1951-02-11,6,93
516,Alejandra ,Lara Ordoñez,14462638-3,1983-06-24,6,107
517,Alejandra ,Lara Ordoñez,27296360-4,1979-11-02,6,118
518,Gerardo Antonio,Hurtado Rivera,15816386-7,1986-10-19,7,130
519,Mateo Andres,Alvarez Figueroa,79006857-5,1978-11-26,8,147
520,Josseline Nicole,Portillo Cuadra,72374535-2,1960-04-02,9,160
521,Diego Alejandro,Gutierrez Villalta,50404852-8,1973-04-23,10,177
522,Mauricio Ernesto,Rojas Roa,31829878-6,1952-07-18,11,201
523,Yanira Alejandra,Sanchez Gomez,33692994-6,1962-02-22,12,219
524,Olinda Nickole,Martinez Lopez,71458185-3,1983-03-23,13,228
525,Ricardo Antonio,Ibañez Torres,67997811-1,1945-08-11,14,241
